{
  "n_estimators": 859,
  "max_depth": 9,
  "learning_rate": 0.0757828719100493,
  "subsample": 0.9155718246798378,
  "colsample_bytree": 0.6199559912425594,
  "min_child_weight": 7,
  "reg_alpha": 1.944722371875608,
  "reg_lambda": 7.444527649457148e-08,
  "gamma": 0.4830322467704961
}